{"schemaVersion":"1.0","appDefinitionTemplate":{"id":"/providers/Microsoft.PowerApps/apps/","type":"Microsoft.PowerApps/apps","tags":{"primaryDeviceWidth":"350","primaryDeviceHeight":"200","supportsPortrait":"true","supportsLandscape":"true","primaryFormFactor":"Tablet","publisherVersion":"3.22064.10","minimumRequiredApiVersion":"2.2.0","hasComponent":"true","hasUnlockedComponent":"true","isUnifiedRootApp":"false","sienaVersion":"20220713T225027Z-3.22064.10.0"},"properties":{"appVersion":"2022-07-13T22:50:27Z","lifeCycleId":"Published","createdByClientVersion":{"major":3,"minor":22064,"build":10,"revision":0,"majorRevision":0,"minorRevision":0},"minClientVersion":{"major":3,"minor":22064,"build":10,"revision":0,"majorRevision":0,"minorRevision":0},"backgroundColor":"rgba(255, 255, 255, 1)","backgroundImageUri":"/320399497816412457/Nfefe97b1-b136-4753-b771-f6b8bf75f992-logoSmallFile","displayName":"Neumorphic UI Kit - Dark","description":"Dark neumorphic UI kit curated by Kristine Kolodziejski","commitMessage":"","appUris":{"documentUri":{"value":"/320399497816412457/N3c36ef75-6dc4-4779-b2d0-3f2bcb698850-document.msapp"},"imageUris":[],"additionalUris":[]},"createdTime":"0001-01-01T00:00:00Z","lastModifiedTime":"0001-01-01T00:00:00Z","sharedGroupsCount":0,"sharedUsersCount":0,"icons":{"smallIconUri":"/320399497816412457/N76e8f98f-5aaf-446f-9123-e849d5dc1f25-small.png","mediumIconUri":"/320399497816412457/N8fd3f50c-a888-422d-b379-2ea4a47ae8f8-medium.png","largeIconUri":"/320399497816412457/N2c65cc2a-823c-4613-b738-18dd3689b9ea-large.png","wideIconUri":"/320399497816412457/Ned294561-92c0-4656-b065-4266de4790ec-wide.png"},"connectionReferences":{},"databaseReferences":{},"almMode":"Environment","performanceOptimizationEnabled":true,"canConsumeAppPass":true,"executionRestrictions":{"isTeamsOnly":false,"dataLossPreventionEvaluationResult":{"status":"Compliant","lastEvaluationDate":"2022-07-06T19:54:59.6121272Z","violations":[],"violationsByPolicy":[],"violationErrorMessage":"The app uses the following connectors: ."}}},"appType":"ClassicCanvasApp","appComponents":[]}}